체념	빅마마	A
거리에서	성시경	A
사랑 안해	백지영	A
보고 싶다	김범수	A
사랑은...향기를 남기고	테이	A
바람이 분다	이소라	A
소주 한 잔	임창정	A
그런가봐요	브이원	A
내 여자라니까	이승기	A
아시나요	조성모	A
I Believe	신승훈	A
애인... 있어요	이은미	A
I Love You	포지션	A
응급실	izi	A
가슴 아파도	환희	A
그랬나봐	김형중	A
다행이다	이적	A
이별택시	김연우	A
기다리다	윤하	A
꿈에	박정현	A
남자답게	플라이투더스카이	A
총맞은 것처럼	백지영	A
당신과의 키스를 세어보아요	박화요비	A
점점	브라운아이즈	A
안부	별	A
한 남자	김종국	A
눈의 꽃	박효신	A
미안해요	김건모	A
그런 사람 또 없습니다	이승철	A
사랑합니다	팀	A
감기	이기찬	A
사랑했잖아	린	A
붙잡고도	노을	A
벌써 일년	브라운아이즈	A
나였으면	나윤권	A
그립고 그립고 그립다	케이윌	A
그남자 그여자	바이브	A
시간이 흐른 뒤	윤미래	A
그대 돌아오면	거미	A
Never Ending Story	부활	A
사랑해도 될까요	유리상자	A
친구라도 될 걸 그랬어	거미	A
살다가	SG워너비	A
라라라	이수영	A
Happiness	가비엔제이	A
하루	김범수	A
해바라기	박상민	A
우리 사랑 이대로	주영훈	A
슬픈 혼잣말	임창정	A
늦은 후회	보보	A
Endless	플라워	A
사랑한다는 흔한 말	김연우	A
아이처럼	김동률	A
이노래	2am	A
눈물이 안났어	임정희	A
스치듯 안녕	이수영	A
인연	이선희	A
인형	이지훈	A
중독된 사랑	조장혁	A
잊지 말아요	백지영	A
넌 감동이었어	성시경	A
삭제	이승기	A
같은 베개	테이	A
들리나요	태연	A
한 사람을 사랑했네	한경일	A
미워도 사랑하니까	다비치	A
여정	왁스	A
비의 Rhapsody	최재훈	A
Timeless	SG워너비	A
겁쟁이	버즈	A
추억은 사랑을 닮아	박효신	A
만약에	태연	A
기대	나윤권	A
다시 사랑한다 말할까	김동률	A
술이야	바이브	A
화장을 고치고	왁스	A
오랜 방황의 끝	김태영	A
원하고 원망하죠	애즈원	A
너를 위해	임재범	A
말리꽃	이승철	A
사랑아	더원	A
어제처럼	제이	A
Missing You	플라이투더스카이	A
내게 오는 길	성시경	A
전부 너였다	노을	A
흑백사진	KCM	A
세글자	엠투엠	A
그래서 그대는	얀	A
내사람	SG워너비	A
365일	알리	A
사랑했나봐	윤도현	A
까만안경	이루	A
심장이 없어	에이트	A
With Me	휘성	A
죄와 벌	SG워너비	A
안 되나요	휘성	A
꽃피는 봄이오면	BMK	A
어떤가요	박화요비	A
슬픈 초대장	한경일	A
나비 무덤	테이크	A
진혼	야다	B
왜	김민종	B
Please	플라워	B
와인	김경호	B
사슬	서문탁	B
이연	신성우	B
눈물없는 이별	박완규	B
After	윤여규	B
귀천	문차일드	B
You're My Life	김민종	B
Crying	플라워	B
Sad	조장혁	B
다시 사랑한다면	도원경	B
산책	박기영	B
사랑하니까	문차일드	B
Forever	이덕진	B
절대사랑	김종서	B
편지	최재훈	B
You	김상민	B
하늘 끝에서 흘린 눈물	주니퍼	B
내일 또 생각이 나겠지	캔	B
24시간의 신화	최진영	B
지금인가요	조이락	B
She	고재근	B
영원토록	G고릴라	B
정상에서	김정민	B
또 다른 시간 속에서	박완규	B
한	얀	B
슬픈 동화	얀	B
잠시만 안녕	엠씨더맥스	B
Tears	예레미	B
너에게	김상민	B
Cry	윤여규	B
Always	강성	B
시간을 거슬러	K2	B
울고 싶어지는 오후	지서련	B
너를 기다려	안젤로	B
첫사랑	나비효과	B
아름다운 사실	부활	B
슬픈 다짐	야다	B
바보처럼	김민종	B
내가 사는 이유	김정민	B
아직은 사랑할 때	조장혁	B
이 비가 그치면	도원경	B
All For You	미카엘밴드	B
Don't Cry	더크로스	B
당신을 위하여	더크로스	B
어쩌면	버즈	B
Monologue	버즈	B
사랑의 詩	엠씨더맥스	B
나와 같을 테니	김돈규	B
Say Yes	활밴드	B
넌 어디에	브리즈	B
Eternity	김창현	B
이곳에서	플라워	B
꽃	G고릴라	B
비울음	G고릴라	B
Because	K2	B
Angel Song	데이라이트	B
난 나보다 널	서문탁	B
행복하지 말아요	엠씨더맥스	B
추억이면	부활	B
여기까진가요	플라워	B
별	김종서	B
사랑은 사랑이	빈티지블루	B
가시	버즈	B
사랑은 가슴이 시킨다	버즈	B
그대는 모를겁니다	야다	B
사랑	부활	B
사랑 그 시린 아픔으로	김경호	B
비가와	락밴드크로스	B
초우	TRAX	B
고마워요	최재훈	B
그대만 있다면	러브홀릭	B
남자를 몰라	버즈	B
Promise	박완규	B
루	고유비	B
습관	김경호	B
철부지	최재훈	B
너 하나 없는데	이브	B
백합은 순수를 잃었다	글렌	B
가거라 사랑아	서문탁	B
사랑후애	FT아일랜드	B
생각이 나	부활	B
헤어질 수 없어	김정민	B
데려오고 싶다	김경호	B
형	노라조	B
금지된 사랑	김경호	C
가질수 없는 너	뱅크	C
서쪽 하늘	이승철	C
청혼	노을	C
나만의 슬픔	김돈규	C
못해	포맨	C
그녀를 사랑해줘요	하동균	C
끝사랑	김범수	C
사랑이 늦어서 미안해	김조한	C
사랑앓이	FT아일랜드	C
사랑의 바보	더넛츠	C
사랑이 그래요	오종혁	C
사랑 그 놈	바비킴	C
사랑인가요	하울	C
슬픔활용법	김범수	C
슬픔보다 더 슬픈 이야기	김범수	C
사진을 보다가	바이브	C
가지마 가지마 가지마	원티드	C
I Promise You	이정	C
잊었니	현승민	C
Bye Bye Bye	먼데이키즈	C
내가 너의 곁에 잠시 살았다는 걸	성시경	C
그녀가 웃잖아	김형중	C
연인	김연우	C
사랑인걸	모세	C
정말 사랑했을까	브라운아이드소울	C
눈을 보고 말해요	VOS	C
그 해 여름	강타	C
동경	박효신	C
미련	김건모	C
후	홍경민	C
그때 또 다시	임창정	C
헤어진 다음날	이현우	C
나에게로 떠나는 여행	버즈	C
앵무새	하울	C
그땐 미처 알지 못했지	이적	C
난 여자가 있는데	박진영	C
지지 않는 태양	장우혁	C
오래된 노래	김동률	C
내 낡은 서랍 속의 바다	패닉	C
좋은 사람	토이	C
오래전 그날	윤종신	C
달리기	윤상	C
또 한번 사랑은 가고	이기찬	C
중력	플라이투더스카이	C
사랑은 하나다	테이	C
바래다 주는 길	바이브	C
My Everything	브라운아이드소울	C
기억의 습작	전람회	C
큰일이다	VOS	C
보고싶은 날엔	박지헌	C
하늘을 달리다	이적	C
비켜줄께	브라운아이드소울	C
어떻게 사랑이 그래요	이승환	C
잘지내	정엽	C
귀로	나얼	C
좋은사람	박효신	C
차마	성시경	C
나는 나비	YB	C
광	SG워너비	D
제자리 걸음	김종국	D
I Love U Oh Thank U	MC몽	D
둘이서	채연	D
여인의 향기	씨야	D
LOVE ALL	가비엔제이	D
Hold The Line	조PD	D
하기 힘든 말	이승기	D
미인	이기찬	D
이럴거면	아이비	D
유혹의 소나타	씨야	D
미워요	더넛츠	D
잔소리	아이유	D
Love Love Love	에픽하이	D
안녕	KCM	D
흰눈	이루	D
사랑 후에	신혜성	D
So Hot	원더걸스	D
하루 하루	빅뱅	D
L.O.V.E	브라운아이드걸스	D
Nobody	원더걸스	D
서커스	MC몽	D
마지막 인사	빅뱅	D
사랑과 전쟁	다비치	D
U-Go-Girl	이효리	D
천국	빅뱅	D
가지마 가지마	브라운아이즈	D
Gee	소녀시대	D
I Don't Care	2NE1	D
Abracadabra	브라운아이드걸스	D
Heartbreaker	지드래곤	D
Again & Again	2PM	D
사랑비	김태우	D
Fire	2NE1	D
쏘리 쏘리	슈퍼주니어	D
Lollipop	빅뱅	D
와줘	조성모	E
아이야	젝스키스	E
운명	HOT	E
사랑	조규찬	E
영원	플라이투더스카이	E
너를 보내고	윤도현밴드	E
비망록	윤상	E
행복	SES	E
미아	이수영	E
정	엄정화	E
아틀란티스 소녀	보아	E
One Candle	god	E
기억을 걷는 시간	넬	E
Loveletter	UN	E
비밀번호 486	윤하	E
비몽	박효신	E
약속	젝스키스	E
검은 고양이	터보	E
사랑은 이별을 데리고 오다	이수영	E
I'm Sorry	김장훈	E
내 생애 봄날은	캔	E
사랑해 그리고 기억해	SG워너비	E
길	god	E
내 사람	박효신	E
약속해줘	플라이투더스카이	E
천생연분	솔리드	E
My Name	보아	E
기억속의 먼 그대에게	이승환	E
해줄 수 없는 일	이정현	E
슬픔 속에 그댈 지워야만 해	이승철	E
우린	제이	E
소녀시대	이승철	E
부탁해요	박화요비	E
이런 남자	김종국	E
하고 싶은 말	조성모	E
그래서 나는 안되나봐	백지영	E
비행기	거북이	E
Love is Pain	이수영	E
그녀와의 이별	이승기	E
이 죽일 놈의 사랑	MC몽	E
그대를 사랑하는 10가지 이유	이석훈	E
운명을 거슬러	플라이투더스카이	E
내 사람이라서	이수영	E
그대라서	조규찬	E
사랑이라는 이유로	박상민	E
사랑에 빠지고 싶다	이기찬	E
미워도 다시 한번	백지영	E
비 오는 날의 수채화	강수지	E
그 사람	박화요비	E
이 바보	원더걸스	E
Love Song	비	E
8282	다비치	E
소원을 말해봐	소녀시대	E
Y	프리스타일	F
그대 내게 다시	럼블피쉬	F
거위의 꿈	인순이	F
혼자가 아닌 나	서영은	F
사랑 그게뭔데	양파	F
사랑 그 몹쓸병	휘성	F
비행소녀	마골피	F
사랑을 외치다	엠씨더맥스	F
친구	안재욱	F
내게 남은 사랑을 드릴께요	장혜리	F
다 알아요	양파	F
